author_id,author_file,themes,summary
Landman_Bennett_16679175200,Landman_Bennett_16679175200.csv,"**Medical Image Analysis**:; Developing and evaluating methods for medical image segmentation (e.g., UNETR, SynSeg-Net, Multi-atlas segmentation).; Improving the accuracy and reproducibility of diffusion tensor imaging (DTI) and other medical imaging techniques (e.g., effects of signal-to-noise ratio, diffusion weighting schemes).; Applying machine learning and deep learning to medical image analysis (e.g., transformers, self-supervised learning).; **Biomedical Imaging Challenges and Competitions**:; Organizing and participating in international challenges for validating biomedical image analysis algorithms (e.g., Medical Segmentation Decathlon, Learn2Reg).; Evaluating the effectiveness of different methods and metrics in biomedical image analysis challenges (e.g., BIAS, ranking of biomedical image analysis competitions).; **Deep Learning and Artificial Intelligence**:; Exploring the potential of deep learning and artificial intelligence in medical image analysis (e.g., transformers; **Diffusion MRI and tractography**:; Investigating the challenges and limitations of diffusion MRI and tractography in reconstructing white matter pathways and fiber bundles.; Developing new methods for improving the accuracy and reproducibility of diffusion MRI and tractography, such as using hierarchical transformers and spherical harmonics.","Dr. Bennett Landman is an expert in the field of medical image analysis with a focus on developing and evaluating methods for accurate and reproducible results. Over the course of their career, Dr. Landman's research has evolved to encompass various aspects of medical imaging, including diffusion tensor imaging (DTI) and other medical imaging techniques. Their work has also explored the application of machine learning and deep learning to improve the accuracy and efficiency of medical image analysis.

Primary areas of expertise for Dr. Landman include medical image analysis, particularly in the realms of diffusion MRI and tractography, as well as the development of deep learning-based methods for medical image segmentation and analysis. They have also contributed to the organization and evaluation of international challenges for validating biomedical image analysis algorithms, showcasing their commitment to advancing the field through collaborative efforts."
Li_Zhiyuan_59144471700,Li_Zhiyuan_59144471700.csv,**Diffusion MRI and its applications**:; Development of methods for imputing missing regions in diffusion MRI data; Investigation of white matter microstructure using diffusion MRI; Application of diffusion MRI in estimating brain age and predicting neurodegenerative diseases; Enhancement of diffusion MRI analysis using deep learning and other techniques; Use of diffusion MRI in studying white matter abnormalities and cognition in aging and Alzheimer's disease; **Machine learning and artificial intelligence in medical imaging**:; Application of deep learning in medical image synthesis and imputation; Use of machine learning for data-driven harmonization of imaging cohorts; Development of methods for robust containerization of pipelines for high angular resolution functional imaging; Utilization of transformers and recurrent neural networks in diffusion MRI analysis; **Medical imaging informatics and data management**:,"Dr. Zhiyuan Li is a researcher with a strong background in developing innovative methods for medical imaging analysis. Over the course of their career, Dr. Li has shifted their focus from investigating white matter microstructure using diffusion MRI to exploring various applications of diffusion MRI, including estimating brain age and predicting neurodegenerative diseases. They have also expanded their scope to encompass machine learning and artificial intelligence in medical imaging, particularly in the use of deep learning for medical image synthesis and imputation.

As an expert in both diffusion MRI and machine learning, Dr. Li's primary areas of expertise lie at the intersection of these two fields. Their work involves enhancing diffusion MRI analysis through deep learning and other techniques, as well as utilizing machine learning for data-driven harmonization of imaging cohorts. Additionally, they are skilled in developing scalable and reproducible methods for processing large-scale medical imaging datasets, ensuring that their research contributes to the advancement of medical imaging informatics and data management."
Lionts_Marilyn_58886284600,Lionts_Marilyn_58886284600.csv,"**Medical Imaging and Diagnostics**:; Application of deep learning techniques in medical imaging (Raman spectroscopy, histopathology); Development of new methods for image analysis (instance segmentation, registration, reconstruction); **Healthcare and Disease Surveillance**:; Importance of large-scale epidemiological data for effective disease surveillance systems; Use of distributed data for survival analysis and disease monitoring; **Artificial Intelligence and Machine Learning**:; Utilization of foundation models in healthcare applications (kidney pathology, disease diagnosis); Application of ensemble learning and transfer learning in medical image analysis; **Data Management and Sharing**:; Challenges and solutions for efficient data sharing in medical image analysis (dataset distillation, pattern recognition)","Marilyn Lionts is a researcher with a multifaceted background in Medical Imaging and Diagnostics, Healthcare and Disease Surveillance, Artificial Intelligence and Machine Learning, and Data Management and Sharing. Her work has primarily focused on applying deep learning techniques to improve medical imaging outcomes, particularly in Raman spectroscopy and histopathology. She has also developed innovative methods for instance segmentation, registration, and reconstruction in medical images.

Over time, Marilyn's research has evolved to encompass various aspects of healthcare and disease surveillance, including the importance of large-scale epidemiological data for effective disease monitoring systems and the use of distributed data for survival analysis. Additionally, she has explored the application of artificial intelligence and machine learning in healthcare, leveraging foundation models in kidney pathology and disease diagnosis, as well as ensemble learning and transfer learning in medical image analysis. Her work also touches on the challenges and solutions for efficient data sharing in medical image analysis, such as dataset distillation and pattern recognition."
Lord_Nick_57218632790,Lord_Nick_57218632790.csv,"**Edamame Research**:; Investigation of physical and chemical properties of edamame; Analysis of chemical compositions of edamame genotypes grown in different locations; Development of calibrations for sugar content in ground soybean seed (edamame); **Spectroscopy-based Methods**:; Application of spectroscopy-based machine learning techniques to predict optimal harvest time; Calibration of near-infrared reflectance spectroscopy for sugar content in ground soybean seed; **Food Quality and Nutrition**:; Examination of physical and chemical properties related to nutrition; Investigation of consumer demand and willingness to pay for fresh, local, organic, and ""on-the-stalk"" edamame; **Agricultural Applications**:; Determination of optimal harvest time for edamame","Dr. [Last Name] is a researcher with a diverse background in food science and agriculture. Their work has primarily focused on edamame, exploring its physical and chemical properties, as well as its nutritional value. Over time, their research has evolved to encompass various aspects of edamame production, including the development of calibration methods for sugar content in ground soybean seeds.

Their expertise spans multiple areas, including spectroscopy-based methods for predicting optimal harvest times and calibrating near-infrared reflectance spectroscopy for sugar content analysis. Additionally, they have investigated consumer preferences and willingness to pay for locally sourced, organic, and ""on-the-stalk"" edamame. With a strong foundation in agricultural applications, Dr. [Last Name]'s work aims to improve the quality and efficiency of edamame production and consumption."
